<?xml version="1.0" encoding="ISO-8859-1" ?>
<database>
	<name>*dbname*</name>
	<create>true</create>
	<overwrite>false</overwrite>
	<charset>utf8</charset>
	<table>
		<name>*dbprefix*chat_backends</name>
		<declaration>
			<field>
				<name>id</name>
				<type>integer</type>
				<notnull>true</notnull>
				<autoincrement>1</autoincrement>
				<length>4</length>
			</field>
			<field>
				<name>displayname</name>
				<type>text</type>
				<notnull>true</notnull>
				<length>64</length>
			</field>
			<field>
				<name>name</name>
				<type>text</type>
				<notnull>true</notnull>
				<length>64</length>
			</field>
			<field>
				<name>protocol</name>
				<type>text</type>
				<notnull>true</notnull>
				<length>64</length>
			</field>
			<field>
				<name>enabled</name>
				<type>boolean</type>
				<notnull>true</notnull>
				<length>64</length>
			</field>
		</declaration>
	</table>
	<table>
		<name>*dbprefix*chat_och_push_messages</name>
		<declaration>
			<field>
				<name>id</name>
				<type>integer</type>
				<notnull>true</notnull>
				<autoincrement>1</autoincrement>
				<length>4</length>
			</field>
			<field>
				<name>sender</name>
				<type>text</type>
				<notnull>true</notnull>
				<length>64</length>
			</field>
			<field>
				<name>receiver</name>
				<type>text</type>
				<notnull>true</notnull>
				<length>64</length>
			</field>
			<field>
				<name>receiver_session_id</name>
				<type>text</type>
				<notnull>true</notnull>
				<length>64</length>
				/length>
			</field>
			<field>
				<name>command</name>
				<type>text</type>
				<notnull>true</notnull>
				<length>200000</length>
			</field>
		</declaration>
	</table>
	<table>
		<name>*dbprefix*chat_och_conversations</name>
		<declaration>
			<field>
				<name>id</name>
				<type>integer</type>
				<notnull>true</notnull>
				<autoincrement>1</autoincrement>
				<length>4</length>
			</field>
			<field>
				<name>conversation_id</name>
				<type>text</type>
				<notnull>true</notnull>
				<length>200</length>
			</field>
		</declaration>
	</table>
	<table>
		<name>*dbprefix*chat_och_users_in_conversation</name>
		<declaration>
			<field>
				<name>id</name>
				<type>integer</type>
				<notnull>true</notnull>
				<autoincrement>1</autoincrement>
				<length>4</length>
			</field>
			<field>
				<name>conversation_id</name>
				<type>text</type>
				<notnull>true</notnull>
				<length>200</length>
			</field>
			<field>
				<name>user</name>
				<type>text</type>
				<notnull>true</notnull>
				<length>64</length>
			</field>
			<field>
				<name>joined</name>
				<type>bigint</type>
				<notnull>true</notnull>
				<length>64</length>
			 </field>
			</declaration>
	</table>
	<table>
		<name>*dbprefix*chat_och_users_online</name>
		<declaration>
			<field>
				<name>id</name>
				<type>integer</type>
				<notnull>true</notnull>
				<autoincrement>1</autoincrement>
				<length>4</length>
			</field>
			<field>
				<name>user</name>
				<type>text</type>
				<notnull>true</notnull>
				<length>64</length>
			</field>
			<field>
				<name>session_id</name>
				<type>text</type>
				<notnull>true</notnull>
				<length>2000</length>
			</field>
			<field>
				<name>last_online</name>
				<type>bigint</type>
				<notnull>true</notnull>
			</field>
		</declaration>
	</table>
	<table>
		<name>*dbprefix*chat_och_messages</name>
		<declaration>
			<field>
				<name>id</name>
				<type>integer</type>
				<notnull>true</notnull>
				<autoincrement>1</autoincrement>
				<length>4</length>
			</field>
			<field>
				<name>convid</name>
				<type>text</type>
				<notnull>true</notnull>
				<length>255</length>
			</field>
			<field>
				<name>timestamp</name>
				<type>bigint</type>
				<notnull>true</notnull>
			</field>
			<field>
				<name>user</name>
				<type>text</type>
				<notnull>true</notnull>
				<length>255</length>
			</field>
			<field>
				<name>message</name>
				<type>text</type>
				<notnull>true</notnull>
				<length>255</length>
			</field>
		</declaration>
	</table>
</database>
